{"cameraMode":{"drawMode":0,"name":"Shaded","section":"Shading Mode"},"sceneLighting":true,"audioPlay":false,"sceneViewState":{"showFog":true,"showMaterialUpdate":false,"showSkybox":true,"showFlares":true,"showImageEffects":true,"showParticleSystems":true},"in2DMode":false,"pivot":{"x":0.29445648193359377,"y":-0.8719863891601563,"z":-93.17794799804688},"rotation":{"x":0.09627898037433624,"y":-0.7325950860977173,"z":-0.1059962809085846,"w":-0.6654318571090698},"size":75.9092025756836,"orthographic":false}