{"cameraMode":{"drawMode":0,"name":"Shaded","section":"Shading Mode"},"sceneLighting":false,"audioPlay":false,"sceneViewState":{"showFog":true,"showMaterialUpdate":false,"showSkybox":true,"showFlares":true,"showImageEffects":true,"showParticleSystems":true},"in2DMode":false,"pivot":{"x":-0.08151918649673462,"y":0.01011127233505249,"z":-0.08402359485626221},"rotation":{"x":0.06999583542346955,"y":-0.24724994599819184,"z":0.017909541726112367,"w":0.9662543535232544},"size":9.664146423339844,"orthographic":false}