{"cameraMode":{"drawMode":0,"name":"Shaded","section":"Shading Mode"},"sceneLighting":true,"audioPlay":false,"sceneViewState":{"showFog":true,"showMaterialUpdate":false,"showSkybox":true,"showFlares":true,"showImageEffects":true,"showParticleSystems":true},"in2DMode":false,"pivot":{"x":254.44871520996095,"y":113.01546478271485,"z":507.5959777832031},"rotation":{"x":-0.0020497096702456476,"y":-0.9974737167358398,"z":0.03232964128255844,"w":-0.06322070956230164},"size":46.198448181152347,"orthographic":false}