{"cameraMode":{"drawMode":0,"name":"Shaded","section":"Shading Mode"},"sceneLighting":false,"audioPlay":false,"sceneViewState":{"showFog":true,"showMaterialUpdate":false,"showSkybox":true,"showFlares":true,"showImageEffects":true,"showParticleSystems":true},"in2DMode":false,"pivot":{"x":-58.90413284301758,"y":54.24414825439453,"z":96.28265380859375},"rotation":{"x":0.056478992104530337,"y":0.07839729636907578,"z":0.004450730048120022,"w":-0.9953111410140991},"size":285.8642578125,"orthographic":false}