{"cameraMode":{"drawMode":0,"name":"Shaded","section":"Shading Mode"},"sceneLighting":true,"audioPlay":false,"sceneViewState":{"showFog":true,"showMaterialUpdate":false,"showSkybox":true,"showFlares":true,"showImageEffects":true,"showParticleSystems":true},"in2DMode":false,"pivot":{"x":-0.04985809326171875,"y":16.278621673583986,"z":-181.7600860595703},"rotation":{"x":-0.1240958720445633,"y":0.2696787416934967,"z":-0.0350685715675354,"w":-0.9542766213417053},"size":606.2379150390625,"orthographic":false}